{
    "Best_Parameters": {
        "avg_loss_per_point": 8.911671855166754,
        "Factor_Sum_Scale": 0.6430222940875828,
        "Damp_Mass_Ratio": 1.0
    },
    "Factor_Sum_Scale": [
        1.0,
        1.0999999999991181,
        1.0746149791227042,
        1.049682209645808,
        0.9927924056268919,
        0.9281464437211274,
        0.8550300424744375,
        0.7764198632714177,
        0.7033162643577284,
        0.6430222940875828,
        0.5818075972196234
    ],
    "Damp_Mass_Ratio": [
        1.0,
        1.0,
        1.0,
        1.0,
        1.0,
        1.0,
        1.0,
        1.0,
        1.0,
        1.0,
        1.0
    ],
    "avg_loss": [
        163.93544799867271,
        170.13288190986216,
        168.9642334281057,
        167.08028245869576,
        163.68816841112374,
        159.4255219945431,
        153.53399493404328,
        146.8397631848097,
        139.48127942542135,
        133.6750778275013
    ],
    "avg_loss_per_point": [
        10.929029866578182,
        11.342192127324145,
        11.26428222854038,
        11.138685497246383,
        10.912544560741583,
        10.62836813296954,
        10.235599662269552,
        9.78931754565398,
        9.298751961694757,
        8.911671855166754
    ],
    "total_loss": [
        1639354.4799867272,
        1701328.8190986216,
        1689642.3342810571,
        1670802.8245869577,
        1636881.6841112375,
        1594255.2199454308,
        1535339.9493404329,
        1468397.6318480968,
        1394812.7942542136,
        1336750.778275013
    ],
    "relative_avg_loss_change": [
        0.0,
        0.03780411123309722,
        0.006869033596783619,
        0.011149998619154859,
        0.02030230017363415,
        0.02604126161320634,
        0.036954729624165635,
        0.04360097418235849,
        0.05011233741998823,
        0.0416271030910965
    ]
}