{
    "Best_Parameters": {
        "avg_loss_per_point": 1.073686270473401,
        "Factor_Sum_Scale": 0.25874567051613645,
        "Damp_Mass_Ratio": 0.0910477354230952
    },
    "Factor_Sum_Scale": [
        0.25,
        0.2549999999999971,
        0.25874567051613645,
        0.2615417541168901
    ],
    "Damp_Mass_Ratio": [
        0.1,
        0.09500000000000151,
        0.0910477354230952,
        0.08700436224979512
    ],
    "avg_loss": [
        17.135671111130716,
        16.42198332720697,
        16.105294057101013
    ],
    "avg_loss_per_point": [
        1.142378074075381,
        1.0947988884804647,
        1.073686270473401
    ],
    "total_loss": [
        171356.71111130714,
        164219.8332720697,
        161052.9405710101
    ],
    "relative_avg_loss_change": [
        0.0,
        0.04164924614246125,
        0.019284471540126663
    ]
}