{
    "Best_Parameters": {
        "avg_loss_per_point": 0.8413881678360701,
        "Factor_Sum_Scale": 0.2836326070625573,
        "Damp_Mass_Ratio": 0.09488574920509388
    },
    "Factor_Sum_Scale": [
        0.25,
        0.2549999999999971,
        0.25874567051613645,
        0.2615417541168901,
        0.2639304222603902,
        0.2659430632982858,
        0.26760405924806335,
        0.27051613422800624,
        0.2730926209724748,
        0.2753715325353749,
        0.27778395078209145,
        0.27993321428824475,
        0.2811473187476561,
        0.28181360882095224,
        0.2823741401729739,
        0.28288488622244234,
        0.2836326070625573,
        0.28403101346302523,
        0.2844067993357546
    ],
    "Damp_Mass_Ratio": [
        0.1,
        0.09500000000000151,
        0.0910477354230952,
        0.08700436224979512,
        0.08386429018571977,
        0.08114399508235577,
        0.07886373323540244,
        0.08105549831719788,
        0.08299082721283242,
        0.08471371810104077,
        0.08619962621503784,
        0.08755303548291685,
        0.08916169180079869,
        0.09084560939235334,
        0.09235357055338023,
        0.09370914761485091,
        0.09488574920509388,
        0.0961910627965783,
        0.09738673685358723
    ],
    "avg_loss": [
        17.135671111130716,
        16.42198332720697,
        16.105294057101013,
        15.469095971947908,
        15.304206945669652,
        15.046253460153938,
        14.785737810841203,
        14.392064050260187,
        14.254930297470093,
        13.88013818359077,
        13.447228132212162,
        13.299416593819856,
        13.161922388204932,
        13.456587855190039,
        13.290340972024202,
        13.283741694322229,
        12.62082251754105,
        12.650435397672654
    ],
    "avg_loss_per_point": [
        1.142378074075381,
        1.0947988884804647,
        1.073686270473401,
        1.0312730647965271,
        1.0202804630446434,
        1.0030835640102624,
        0.9857158540560802,
        0.9594709366840124,
        0.9503286864980062,
        0.925342545572718,
        0.8964818754808108,
        0.8866277729213238,
        0.8774614925469955,
        0.8971058570126692,
        0.8860227314682801,
        0.8855827796214819,
        0.8413881678360701,
        0.8433623598448435
    ],
    "total_loss": [
        171356.71111130714,
        164219.8332720697,
        161052.9405710101,
        154690.95971947908,
        153042.0694566965,
        150462.53460153937,
        147857.37810841203,
        143920.64050260186,
        142549.30297470093,
        138801.3818359077,
        134472.28132212162,
        132994.16593819857,
        131619.22388204932,
        134565.8785519004,
        132903.40972024202,
        132837.41694322228,
        126208.22517541051,
        126504.35397672653
    ],
    "relative_avg_loss_change": [
        0.0,
        0.04164924614246125,
        0.019284471540126663,
        0.039502419694882704,
        0.010659254204464882,
        0.016855070401978707,
        0.01731432013973727,
        0.02662523613075074,
        0.009528428466632247,
        0.02629210427958667,
        0.031189174463003407,
        0.010991970757023942,
        0.010338363690240143,
        0.02238772257532619,
        0.01235431187719086,
        0.0004965469069502648,
        0.049904551897792866,
        0.0023463510472828443
    ]
}