{
    "Best_Parameters": {
        "avg_loss_per_point": 0.9594709366840124,
        "Factor_Sum_Scale": 0.27051613422800624,
        "Damp_Mass_Ratio": 0.08105549831719788
    },
    "Factor_Sum_Scale": [
        0.25,
        0.2549999999999971,
        0.25874567051613645,
        0.2615417541168901,
        0.2639304222603902,
        0.2659430632982858,
        0.26760405924806335,
        0.27051613422800624,
        0.2730926209724748
    ],
    "Damp_Mass_Ratio": [
        0.1,
        0.09500000000000151,
        0.0910477354230952,
        0.08700436224979512,
        0.08386429018571977,
        0.08114399508235577,
        0.07886373323540244,
        0.08105549831719788,
        0.08299082721283242
    ],
    "avg_loss": [
        17.135671111130716,
        16.42198332720697,
        16.105294057101013,
        15.469095971947908,
        15.304206945669652,
        15.046253460153938,
        14.785737810841203,
        14.392064050260187
    ],
    "avg_loss_per_point": [
        1.142378074075381,
        1.0947988884804647,
        1.073686270473401,
        1.0312730647965271,
        1.0202804630446434,
        1.0030835640102624,
        0.9857158540560802,
        0.9594709366840124
    ],
    "total_loss": [
        171356.71111130714,
        164219.8332720697,
        161052.9405710101,
        154690.95971947908,
        153042.0694566965,
        150462.53460153937,
        147857.37810841203,
        143920.64050260186
    ],
    "relative_avg_loss_change": [
        0.0,
        0.04164924614246125,
        0.019284471540126663,
        0.039502419694882704,
        0.010659254204464882,
        0.016855070401978707,
        0.01731432013973727,
        0.02662523613075074
    ]
}