{
    "Best_Parameters": {
        "avg_loss_per_point": 3.629960441718499,
        "Factor_Sum_Scale": 0.4510768581177236,
        "Damp_Mass_Ratio": 0.46273317728193775
    },
    "Factor_Sum_Scale": [
        1.0,
        0.9000000000040087,
        0.9684413372257862,
        0.9263410644328819,
        0.8775844493664045,
        0.8344642453823327,
        0.7931166914525798,
        0.7644330170422786,
        0.7375341185776914,
        0.706627564929267,
        0.6771636416436153,
        0.6416092088777997,
        0.6092459585919078,
        0.5769160526924871,
        0.5430497583632258,
        0.5060399457043654,
        0.4510768581177236,
        0.4006623836219979
    ],
    "Damp_Mass_Ratio": [
        1.0,
        0.9000000000008694,
        0.915452404397388,
        0.8767007108419644,
        0.84774248185435,
        0.8408956132120342,
        0.8060845881417052,
        0.774961525920496,
        0.7459248075385478,
        0.7004499378584179,
        0.6569018628657292,
        0.6144498098810703,
        0.5745707888207171,
        0.5365428049185502,
        0.502637710072471,
        0.4826511712021188,
        0.46273317728193775,
        0.4318316325872379
    ],
    "avg_loss": [
        133.12846473285705,
        122.90028500272483,
        128.4993445334971,
        124.40570324119031,
        119.15976255937815,
        115.3537547194153,
        110.5293112925291,
        105.92737871259153,
        102.62920125260055,
        97.21309852470159,
        91.36371844851821,
        85.64028821018636,
        80.51817429065257,
        74.76488185594975,
        68.27221721772402,
        62.762434441770615,
        54.449406625777485
    ],
    "avg_loss_per_point": [
        8.87523098219047,
        8.193352333514989,
        8.566622968899805,
        8.293713549412688,
        7.94398417062521,
        7.690250314627687,
        7.368620752835273,
        7.0618252475061025,
        6.84194675017337,
        6.480873234980106,
        6.090914563234548,
        5.709352547345757,
        5.367878286043505,
        4.984325457063317,
        4.551481147848268,
        4.184162296118041,
        3.629960441718499
    ],
    "total_loss": [
        1331284.6473285705,
        1229002.8500272483,
        1284993.445334971,
        1244057.0324119031,
        1191597.6255937815,
        1153537.547194153,
        1105293.112925291,
        1059273.7871259153,
        1026292.0125260055,
        972130.985247016,
        913637.1844851822,
        856402.8821018636,
        805181.7429065257,
        747648.8185594976,
        682722.1721772403,
        627624.3444177061,
        544494.0662577748
    ],
    "relative_avg_loss_change": [
        0.0,
        0.0768293974594889,
        0.045557742446635734,
        0.031857293180508464,
        0.042168007938041575,
        0.031940377844125734,
        0.04182302898263786,
        0.041635404456271334,
        0.03113621331969134,
        0.05277350560848995,
        0.06017069885594756,
        0.06264445378891738,
        0.059809629633223796,
        0.07145333939061656,
        0.08684110075550196,
        0.08070314690941398,
        0.1324522843948277
    ]
}