{
    "Best_Parameters": {
        "avg_loss_per_point": 8.193352333514989,
        "Factor_Sum_Scale": 0.9000000000040087,
        "Damp_Mass_Ratio": 0.9000000000008694
    },
    "Factor_Sum_Scale": [
        1.0,
        0.9000000000040087,
        0.9684413372257862
    ],
    "Damp_Mass_Ratio": [
        1.0,
        0.9000000000008694,
        0.915452404397388
    ],
    "avg_loss": [
        133.12846473285705,
        122.90028500272483
    ],
    "avg_loss_per_point": [
        8.87523098219047,
        8.193352333514989
    ],
    "total_loss": [
        1331284.6473285705,
        1229002.8500272483
    ],
    "relative_avg_loss_change": [
        0.0,
        0.0768293974594889
    ]
}