{
    "Best_Parameters": {
        "avg_loss_per_point": 7.368620752835273,
        "Factor_Sum_Scale": 0.7931166914525798,
        "Damp_Mass_Ratio": 0.8060845881417052
    },
    "Factor_Sum_Scale": [
        1.0,
        0.9000000000040087,
        0.9684413372257862,
        0.9263410644328819,
        0.8775844493664045,
        0.8344642453823327,
        0.7931166914525798,
        0.7644330170422786
    ],
    "Damp_Mass_Ratio": [
        1.0,
        0.9000000000008694,
        0.915452404397388,
        0.8767007108419644,
        0.84774248185435,
        0.8408956132120342,
        0.8060845881417052,
        0.774961525920496
    ],
    "avg_loss": [
        133.12846473285705,
        122.90028500272483,
        128.4993445334971,
        124.40570324119031,
        119.15976255937815,
        115.3537547194153,
        110.5293112925291
    ],
    "avg_loss_per_point": [
        8.87523098219047,
        8.193352333514989,
        8.566622968899805,
        8.293713549412688,
        7.94398417062521,
        7.690250314627687,
        7.368620752835273
    ],
    "total_loss": [
        1331284.6473285705,
        1229002.8500272483,
        1284993.445334971,
        1244057.0324119031,
        1191597.6255937815,
        1153537.547194153,
        1105293.112925291
    ],
    "relative_avg_loss_change": [
        0.0,
        0.0768293974594889,
        0.045557742446635734,
        0.031857293180508464,
        0.042168007938041575,
        0.031940377844125734,
        0.04182302898263786
    ]
}