{
    "Damping_Amplification": [
        0.1,
        0.4,
        0.6010855786433211,
        0.7565253170586415,
        0.8838520929955507,
        0.9914722529101574
    ],
    "avg_loss": [
        2307.254498288542,
        118.55678641886604,
        21.158804819877982,
        4.205584341431643,
        0.7724260383728179,
        0.006061457433632382
    ],
    "total_loss": [
        34608817.47432813,
        1778351.7962829906,
        317382.0722981697,
        63083.765121474644,
        11586.390575592268,
        90.92186150448573
    ]
}