{
    "Damping_Amplification": [
        0.1,
        0.4,
        0.6010191269412188,
        0.7564075851962927,
        0.8836923441275676
    ],
    "Youngs_Modulus_log": [
        16.300417207752275,
        16.200417207752384,
        16.13940499567175,
        16.0952011905003,
        16.060117318731614
    ],
    "Youngs_Modulus": [
        11999997.0,
        10858042.0,
        10215373.0,
        9773659.0,
        9436708.0
    ],
    "avg_loss": [
        1298.753739819056,
        24.376349882348226,
        44.25213378916203,
        5.7172027538225,
        9.443787660483512,
        1.363452035296655,
        2.324110552143279,
        0.2816411100750245,
        0.6793693506660013,
        0.016818234265413724
    ],
    "total_loss": [
        25975074.79638112,
        487526.9976469645,
        885042.6757832406,
        114344.05507645,
        188875.75320967025,
        27269.0407059331,
        46482.21104286559,
        5632.82220150049,
        13587.387013320027,
        336.3646853082745
    ]
}