{
    "Factor_Sum_Scale": [
        0.25,
        0.24500000000000022,
        0.24225551035843026,
        0.2442372956527884,
        0.2454289706259811,
        0.24724792412550892,
        0.24911694330262407,
        0.2508513975701804,
        0.25269792059348967,
        0.2545722492360326,
        0.25534205659498205,
        0.2560155282744913,
        0.256377128967816,
        0.256368880025712,
        0.2564797859725319,
        0.25674464748187165,
        0.25710931547514787,
        0.2590602471909839,
        0.260962056703498,
        0.2625848315544533,
        0.264060715312035,
        0.26547404247588835,
        0.26724212630952354,
        0.2688269233972846,
        0.2703565535325474,
        0.27170174793887075,
        0.2728712124662247,
        0.27385039703171987
    ],
    "Damp_Mass_Ratio": [
        0.1,
        0.1049999999999989,
        0.10766971576185864,
        0.11115178560663788,
        0.11417032010844491,
        0.11625939937932048,
        0.11808562425661043,
        0.11959294167397773,
        0.12098105530509697,
        0.12214627012594166,
        0.12328282589628328,
        0.12431860760439191,
        0.12526034442400336,
        0.12614810473057872,
        0.12708168571302705,
        0.127870307614615,
        0.1285959554044075,
        0.1289307631800608,
        0.12940332597846468,
        0.12994486697271007,
        0.13057603983377233,
        0.13114054297305516,
        0.13157135239818754,
        0.1319596500070557,
        0.13228926528828733,
        0.1326896703621558,
        0.13305852863167453,
        0.1358196656022279
    ],
    "avg_loss": [
        13.7272419049412,
        14.409914440709352,
        15.296493580687047,
        14.709703755182028,
        14.971323267537356,
        14.734422255808115,
        14.856477455604077,
        15.056205976590514,
        15.12169720416367,
        15.33567475013137,
        15.489672673535347,
        15.634996657389403,
        15.697002856335043,
        15.764829345455766,
        15.865693339926004,
        15.897859468129278,
        15.980411397451162,
        16.20859408299625,
        16.28239548293948,
        16.446933511692286,
        16.61152955504954,
        16.812546947523952,
        16.890756357568502,
        17.020139382582904,
        17.2880750236243,
        17.422052665185927,
        17.612024589401482
    ],
    "avg_loss_per_point": [
        0.9151494603294134,
        0.9606609627139568,
        1.0197662387124697,
        0.9806469170121352,
        0.9980882178358237,
        0.9822948170538743,
        0.9904318303736052,
        1.0037470651060343,
        1.0081131469442446,
        1.0223783166754246,
        1.0326448449023564,
        1.0423331104926268,
        1.0464668570890028,
        1.0509886230303844,
        1.0577128893284002,
        1.0598572978752852,
        1.0653607598300774,
        1.0805729388664167,
        1.0854930321959655,
        1.0964622341128192,
        1.1074353036699693,
        1.1208364631682635,
        1.1260504238379,
        1.1346759588388602,
        1.1525383349082867,
        1.1614701776790617,
        1.1741349726267656
    ],
    "total_loss": [
        137272.419049412,
        144099.14440709352,
        152964.93580687046,
        147097.03755182028,
        149713.23267537355,
        147344.22255808115,
        148564.77455604076,
        150562.05976590514,
        151216.9720416367,
        153356.7475013137,
        154896.72673535347,
        156349.96657389402,
        156970.02856335044,
        157648.29345455766,
        158656.93339926004,
        158978.59468129277,
        159804.11397451162,
        162085.9408299625,
        162823.95482939482,
        164469.33511692286,
        166115.2955504954,
        168125.46947523952,
        168907.56357568502,
        170201.39382582903,
        172880.750236243,
        174220.52665185928,
        176120.24589401484
    ],
    "relative_avg_loss_change": [
        0.0,
        0.04973122354042729,
        0.0615256352579739,
        0.038361067679319925,
        0.01778550518144613,
        0.015823652157917045,
        0.008283677342547308,
        0.013443867941326569,
        0.004349782918418006,
        0.014150365734659857,
        0.010041809435392367,
        0.00938199191919314,
        0.003965859430889952,
        0.004320983422217391,
        0.006398039094493101,
        0.002027401356758099,
        0.005192644298270295,
        0.014278899326802206,
        0.00455322648993066,
        0.010105271606085606,
        0.010007704064726739,
        0.012101076653312002,
        0.004651847830591111,
        0.007659990013201941,
        0.015742270672329625,
        0.007749714261335826,
        0.010904106873420943
    ]
}