{
    "Factor_Sum_Scale": [
        0.25,
        0.24500000000000022,
        0.2422556148087769,
        0.23976113657703668,
        0.2376745041074101,
        0.23486666048364382,
        0.23153135349648601,
        0.22949132788250934,
        0.23118047299476302,
        0.23270277818514062,
        0.23515322382819465,
        0.23697873786906415
    ],
    "Damp_Mass_Ratio": [
        0.1,
        0.1049999999999989,
        0.10766968169285905,
        0.1088909512190788,
        0.11005491850868064,
        0.10849260158508472,
        0.10759702484384881,
        0.10675016423290618,
        0.10498188324906714,
        0.1029343576107832,
        0.10048496441793336,
        0.0983989364405431
    ],
    "avg_loss": [
        13.7272419049412,
        14.409914440709352,
        14.692013219088317,
        14.594399202015996,
        14.932815674167871,
        14.647201892969012,
        15.095331708872319,
        15.433998370009661,
        14.83941161196232,
        15.002888002881408,
        14.099382384598256
    ],
    "avg_loss_per_point": [
        0.9151494603294134,
        0.9606609627139568,
        0.9794675479392211,
        0.9729599468010665,
        0.9955210449445248,
        0.9764801261979341,
        1.0063554472581546,
        1.0289332246673106,
        0.9892941074641546,
        1.0001925335254271,
        0.9399588256398838
    ],
    "total_loss": [
        137272.419049412,
        144099.14440709352,
        146920.13219088316,
        145943.99202015996,
        149328.15674167871,
        146472.01892969012,
        150953.31708872318,
        154339.9837000966,
        148394.11611962318,
        150028.88002881408,
        140993.82384598255
    ],
    "relative_avg_loss_change": [
        0.0,
        0.04973122354042729,
        0.01957671431983031,
        0.006644019142692943,
        0.023188105756702083,
        0.019126585865044888,
        0.030594909469939088,
        0.022435191731380765,
        0.03852447977464505,
        0.011016366092797582,
        0.06022211310979775
    ]
}