{
    "Best_Parameters": {
        "avg_loss_per_point": 1.3757478162318468,
        "Factor_Sum_Scale": 0.25296333132527954,
        "Damp_Mass_Ratio": 0.08412508724473601
    },
    "Factor_Sum_Scale": [
        0.25,
        0.25499999999999984,
        0.25844001863053573,
        0.2619373486831922,
        0.26459611297403396,
        0.26696724584110415,
        0.26880676591866093,
        0.27035506165736456,
        0.27081687844255364,
        0.269698906952878,
        0.2690823067308366,
        0.26851806945183027,
        0.2675625563878408,
        0.26707244858954504,
        0.266418443458218,
        0.2656404578116919,
        0.2650464502677345,
        0.2643938767948117,
        0.2620113667943555,
        0.25982568067913675,
        0.25751547808180403,
        0.25532043246888564,
        0.25296333132527954,
        0.2533565888915638
    ],
    "Damp_Mass_Ratio": [
        0.1,
        0.09500000000001699,
        0.0946867513614373,
        0.09148477962948394,
        0.08891158480572621,
        0.08699076471354465,
        0.08574097531241552,
        0.08481321482183692,
        0.08469773891560867,
        0.08529730989699855,
        0.08605708595868135,
        0.08661438868659238,
        0.08737692245790094,
        0.08772280237185164,
        0.08831395189796534,
        0.08875521729673008,
        0.08877349154235854,
        0.08901409123143081,
        0.08850063428425711,
        0.08660760999484203,
        0.08548679481122036,
        0.08451401424561526,
        0.08412508724473601,
        0.08408252048912507
    ],
    "avg_loss": [
        21.8221758723706,
        21.61557293753326,
        21.57981041185558,
        21.36094676914811,
        21.43363400243223,
        21.255955936163662,
        21.127595342367886,
        21.129447410479187,
        21.445677278921007,
        21.31433141413331,
        21.51778955346346,
        21.28850688637793,
        21.393619191408156,
        21.305777262061834,
        21.62210544128716,
        21.46127841348946,
        21.460835992529987,
        21.36241529375315,
        21.187901029378175,
        21.079549271419644,
        20.820410869032145,
        20.81019865180552,
        20.636217243477702
    ],
    "avg_loss_per_point": [
        1.4548117248247068,
        1.4410381958355505,
        1.4386540274570385,
        1.4240631179432073,
        1.4289089334954819,
        1.4170637290775774,
        1.408506356157859,
        1.408629827365279,
        1.4297118185947337,
        1.4209554276088874,
        1.4345193035642305,
        1.4192337924251954,
        1.4262412794272104,
        1.4203851508041223,
        1.4414736960858108,
        1.4307518942326307,
        1.430722399501999,
        1.4241610195835432,
        1.4125267352918782,
        1.4053032847613096,
        1.3880273912688097,
        1.3873465767870348,
        1.3757478162318468
    ],
    "total_loss": [
        174577.4069789648,
        172924.58350026608,
        172638.48329484463,
        170887.5741531849,
        171469.07201945782,
        170047.6474893093,
        169020.7627389431,
        169035.5792838335,
        171565.41823136806,
        170514.65131306648,
        172142.31642770767,
        170308.05509102345,
        171148.95353126526,
        170446.21809649467,
        172976.84353029728,
        171690.2273079157,
        171686.6879402399,
        170899.32235002518,
        169503.2082350254,
        168636.39417135715,
        166563.28695225716,
        166481.58921444416,
        165089.73794782162
    ],
    "relative_avg_loss_change": [
        0.0,
        0.009467568039304694,
        0.0016544796559882632,
        0.010142055862883227,
        0.0034028095322582155,
        0.008289684625966999,
        0.006038805978958141,
        8.766109352667283e-05,
        0.014966310396029803,
        0.006124584599470641,
        0.009545602692244791,
        0.01065549351692692,
        0.004937514199151484,
        0.004105987330166171,
        0.014847061214171087,
        0.007438083596179489,
        2.0614846466696404e-05,
        0.004586060804485718,
        0.008169219724232478,
        0.0051138504851563574,
        0.012293355946602136,
        0.0004904906675887415,
        0.008360391519507392
    ]
}