{
    "Best_Parameters": {
        "avg_loss_per_point": 1.4240631179432073,
        "Factor_Sum_Scale": 0.2619373486831922,
        "Damp_Mass_Ratio": 0.09148477962948394
    },
    "Factor_Sum_Scale": [
        0.25,
        0.25499999999999984,
        0.25844001863053573,
        0.2619373486831922,
        0.26459611297403396
    ],
    "Damp_Mass_Ratio": [
        0.1,
        0.09500000000001699,
        0.0946867513614373,
        0.09148477962948394,
        0.08891158480572621
    ],
    "avg_loss": [
        21.8221758723706,
        21.61557293753326,
        21.57981041185558,
        21.36094676914811
    ],
    "avg_loss_per_point": [
        1.4548117248247068,
        1.4410381958355505,
        1.4386540274570385,
        1.4240631179432073
    ],
    "total_loss": [
        174577.4069789648,
        172924.58350026608,
        172638.48329484463,
        170887.5741531849
    ],
    "relative_avg_loss_change": [
        0.0,
        0.009467568039304694,
        0.0016544796559882632,
        0.010142055862883227
    ]
}