{
    "Best_Parameters": {
        "avg_loss_per_point": 1.408506356157859,
        "Factor_Sum_Scale": 0.26880676591866093,
        "Damp_Mass_Ratio": 0.08574097531241552
    },
    "Factor_Sum_Scale": [
        0.25,
        0.25499999999999984,
        0.25844001863053573,
        0.2619373486831922,
        0.26459611297403396,
        0.26696724584110415,
        0.26880676591866093,
        0.27035506165736456,
        0.27081687844255364,
        0.269698906952878,
        0.2690823067308366,
        0.26851806945183027
    ],
    "Damp_Mass_Ratio": [
        0.1,
        0.09500000000001699,
        0.0946867513614373,
        0.09148477962948394,
        0.08891158480572621,
        0.08699076471354465,
        0.08574097531241552,
        0.08481321482183692,
        0.08469773891560867,
        0.08529730989699855,
        0.08605708595868135,
        0.08661438868659238
    ],
    "avg_loss": [
        21.8221758723706,
        21.61557293753326,
        21.57981041185558,
        21.36094676914811,
        21.43363400243223,
        21.255955936163662,
        21.127595342367886,
        21.129447410479187,
        21.445677278921007,
        21.31433141413331,
        21.51778955346346
    ],
    "avg_loss_per_point": [
        1.4548117248247068,
        1.4410381958355505,
        1.4386540274570385,
        1.4240631179432073,
        1.4289089334954819,
        1.4170637290775774,
        1.408506356157859,
        1.408629827365279,
        1.4297118185947337,
        1.4209554276088874,
        1.4345193035642305
    ],
    "total_loss": [
        174577.4069789648,
        172924.58350026608,
        172638.48329484463,
        170887.5741531849,
        171469.07201945782,
        170047.6474893093,
        169020.7627389431,
        169035.5792838335,
        171565.41823136806,
        170514.65131306648,
        172142.31642770767
    ],
    "relative_avg_loss_change": [
        0.0,
        0.009467568039304694,
        0.0016544796559882632,
        0.010142055862883227,
        0.0034028095322582155,
        0.008289684625966999,
        0.006038805978958141,
        8.766109352667283e-05,
        0.014966310396029803,
        0.006124584599470641,
        0.009545602692244791
    ]
}