{
    "Youngs_Modulus": [
        94999.9609375,
        94054.73420617539,
        93119.71435543553,
        92194.53422693521,
        91279.1573740123,
        90373.33805035909,
        89477.24065928362,
        88590.6734984712,
        87713.26982869107,
        86845.08265683625,
        85986.12090600483,
        85137.0398355987,
        84297.81588299084,
        83468.6486795323,
        82648.99200560982,
        81838.2044819811
    ],
    "Youngs_Modulus_log": [
        11.461632170582678,
        11.451632170582725,
        11.44164119547168,
        11.431656126083933,
        11.421677753270872,
        11.411704569807707,
        11.401739577614986,
        11.391781865798121,
        11.381828476249304,
        11.371881151261928,
        11.361941177397817,
        11.352017470579439,
        11.342111234792988,
        11.332226375418566,
        11.322357907235414,
        11.312499461015104
    ],
    "avg_loss": [
        69.50580930713713,
        69.082392089355,
        68.69672132583857,
        68.35263625807166,
        67.99329413752555,
        67.76587477588653,
        67.58652698349357,
        67.36025896104574,
        67.20653891460896,
        67.07239257181585,
        66.916252864182,
        66.8639831485182,
        66.8674715248108,
        66.86844973839223,
        66.9218360672593,
        66.974961256212
    ],
    "total_loss": [
        695058.0930713713,
        690823.9208935499,
        686967.2132583857,
        683526.3625807166,
        679932.9413752556,
        677658.7477588654,
        675865.2698349357,
        673602.5896104574,
        672065.3891460896,
        670723.9257181585,
        669162.52864182,
        668639.831485182,
        668674.7152481079,
        668684.4973839223,
        669218.3606725931,
        669749.61256212
    ]
}