{
    "Best_Parameters": {
        "avg_loss_per_point": 9.431512951410314,
        "Factor_Sum_Scale": 0.6704858945896952,
        "Damp_Mass_Ratio": 0.98443911890086
    },
    "Factor_Sum_Scale": [
        1.0,
        0.9000000000067399,
        0.8058078504947729,
        0.8583332994402292,
        0.8027659482292437,
        0.754631674968135,
        0.7119366540221524,
        0.6704858945896952,
        0.609382564264197
    ],
    "Damp_Mass_Ratio": [
        1.0,
        0.9000000000072323,
        0.8022909582714117,
        0.8518091344722026,
        0.9206383408508114,
        0.9744851478407826,
        0.979902247711044,
        0.98443911890086,
        0.9846107085283392
    ],
    "avg_loss": [
        166.51629204086214,
        157.54437893240154,
        147.73278726771474,
        153.55205401997267,
        151.22775684142857,
        148.78440872313828,
        145.2243672373742,
        141.4726942711547
    ],
    "avg_loss_per_point": [
        11.101086136057477,
        10.502958595493435,
        9.848852484514316,
        10.236803601331511,
        10.081850456095237,
        9.918960581542553,
        9.681624482491612,
        9.431512951410314
    ],
    "total_loss": [
        1332130.3363268971,
        1260355.0314592123,
        1181862.298141718,
        1228416.4321597815,
        1209822.0547314286,
        1190275.2697851062,
        1161794.9378989935,
        1131781.5541692376
    ],
    "relative_avg_loss_change": [
        0.0,
        0.053880091842658503,
        0.062278271882341904,
        0.03939048913842339,
        0.015136868037218025,
        0.016156743770604796,
        0.023927517112284944,
        0.025833632726987642
    ]
}