{
    "Best_Parameters": {
        "avg_loss_per_point": 3.416721542303761,
        "Factor_Sum_Scale": 0.16498444286447161,
        "Damp_Mass_Ratio": 1.0743214342473857
    },
    "Factor_Sum_Scale": [
        1.0,
        0.9000000000067399,
        0.8058078504947729,
        0.8583332994402292,
        0.8027659482292437,
        0.754631674968135,
        0.7119366540221524,
        0.6704858945896952,
        0.609382564264197,
        0.5564814579483988,
        0.5089397359849955,
        0.4657573192266201,
        0.4367919119787028,
        0.4109166341473768,
        0.38914590694268125,
        0.33757563727956524,
        0.3066337364880614,
        0.25410739144639527,
        0.20365133799933097,
        0.16498444286447161,
        0.1070250637862539
    ],
    "Damp_Mass_Ratio": [
        1.0,
        0.9000000000072323,
        0.8022909582714117,
        0.8518091344722026,
        0.9206383408508114,
        0.9744851478407826,
        0.979902247711044,
        0.98443911890086,
        0.9846107085283392,
        0.9845546197299583,
        0.9818930527377744,
        0.9734510968884257,
        0.9590486620871356,
        0.9392688785010032,
        0.9194959397738249,
        0.9625919748983132,
        1.0050030194719257,
        1.0667611081738149,
        1.123520043816924,
        1.0743214342473857,
        1.0191974109563264
    ],
    "avg_loss": [
        166.51629204086214,
        157.54437893240154,
        147.73278726771474,
        153.55205401997267,
        151.22775684142857,
        148.78440872313828,
        145.2243672373742,
        141.4726942711547,
        134.88347426807135,
        128.8515113348216,
        122.59052181436121,
        116.32409441175312,
        111.55570267614722,
        106.29913735446334,
        101.50414965064078,
        91.59165597264469,
        85.4878698478341,
        71.46533649933338,
        59.20987360385806,
        51.25082313455641
    ],
    "avg_loss_per_point": [
        11.101086136057477,
        10.502958595493435,
        9.848852484514316,
        10.236803601331511,
        10.081850456095237,
        9.918960581542553,
        9.681624482491612,
        9.431512951410314,
        8.992231617871424,
        8.590100755654772,
        8.172701454290747,
        7.7549396274502085,
        7.437046845076481,
        7.086609156964223,
        6.766943310042719,
        6.1061103981763125,
        5.69919132318894,
        4.764355766622225,
        3.9473249069238703,
        3.416721542303761
    ],
    "total_loss": [
        1332130.3363268971,
        1260355.0314592123,
        1181862.298141718,
        1228416.4321597815,
        1209822.0547314286,
        1190275.2697851062,
        1161794.9378989935,
        1131781.5541692376,
        1079067.7941445708,
        1030812.0906785727,
        980724.1745148897,
        930592.755294025,
        892445.6214091778,
        850393.0988357067,
        812033.1972051263,
        732733.2477811575,
        683902.9587826729,
        571722.691994667,
        473678.98883086443,
        410006.5850764513
    ],
    "relative_avg_loss_change": [
        0.0,
        0.053880091842658503,
        0.062278271882341904,
        0.03939048913842339,
        0.015136868037218025,
        0.016156743770604796,
        0.023927517112284944,
        0.025833632726987642,
        0.04657591372688544,
        0.044719806973993415,
        0.04859073405969727,
        0.05111673651326272,
        0.040992296219622366,
        0.047120543330214135,
        0.04510843477340056,
        0.09765604373922776,
        0.06664129019169143,
        0.16402950937320612,
        0.1714882136683095,
        0.1344210008376549
    ]
}