{
    "Best_Parameters": {
        "avg_loss_per_point": 0.9151494603294134,
        "Factor_Sum_Scale": 0.25,
        "Damp_Mass_Ratio": 0.1
    },
    "Factor_Sum_Scale": [
        0.25,
        0.24500000000000022,
        0.24225535399015635,
        0.23879174628002472,
        0.23499630155480505,
        0.23207528968995184,
        0.22890344838782828,
        0.22543548511869121,
        0.22246726175169113,
        0.22087632306276278,
        0.21900364236068479,
        0.21666300808737474,
        0.21357594400555585,
        0.2114957370604254,
        0.21168529338613448,
        0.21222987277938363,
        0.21470772794599222,
        0.21697076746930855
    ],
    "Damp_Mass_Ratio": [
        0.1,
        0.1049999999999989,
        0.10766969810724622,
        0.11123864077763868,
        0.11508088767074821,
        0.11735630209033891,
        0.11925913974846811,
        0.11943486683932195,
        0.11978407039867424,
        0.12074838188158729,
        0.12300412797908922,
        0.12326104091011719,
        0.1227767183769544,
        0.12133117752934294,
        0.12000780250947533,
        0.11854813536099713,
        0.12060857935411574,
        0.12212267097472414
    ],
    "avg_loss": [
        13.7272419049412,
        14.409914440709352,
        14.4350431794554,
        15.022516643792391,
        15.210466892915964,
        15.478601707813144,
        15.7628817299515,
        15.962684742194414,
        16.471968512532115,
        16.557904692956804,
        17.346389658883215,
        17.22167655131817,
        18.626135162618755,
        19.942816661399604,
        18.584088420030476,
        17.858290319135786,
        18.913104654726386
    ],
    "avg_loss_per_point": [
        0.9151494603294134,
        0.9606609627139568,
        0.9623362119636933,
        1.0015011095861595,
        1.0140311261943975,
        1.0319067805208764,
        1.0508587819967667,
        1.0641789828129609,
        1.0981312341688076,
        1.103860312863787,
        1.156425977258881,
        1.1481117700878778,
        1.2417423441745836,
        1.3295211107599736,
        1.2389392280020317,
        1.1905526879423858,
        1.2608736436484258
    ],
    "total_loss": [
        137272.419049412,
        144099.14440709352,
        144350.431794554,
        150225.1664379239,
        152104.66892915964,
        154786.01707813144,
        157628.817299515,
        159626.84742194414,
        164719.68512532115,
        165579.04692956805,
        173463.89658883214,
        172216.7655131817,
        186261.35162618756,
        199428.16661399603,
        185840.88420030475,
        178582.90319135785,
        189131.04654726386
    ],
    "relative_avg_loss_change": [
        0.0,
        0.04973122354042729,
        0.0017438506557025002,
        0.040697728232161424,
        0.012511235872135788,
        0.01762830929417823,
        0.01836600149707707,
        0.012675538373371294,
        0.031904643771577056,
        0.0052171166038416875,
        0.04761985169909857,
        0.007189571433452724,
        0.08155179358499147,
        0.07069000022201755,
        0.06813121057262789,
        0.03905481315469866,
        0.05906580735000867
    ]
}