{
    "Best_Parameters": {
        "avg_loss_per_point": 0.9151494603294134,
        "Factor_Sum_Scale": 0.25,
        "Damp_Mass_Ratio": 0.1
    },
    "Factor_Sum_Scale": [
        0.25,
        0.24500000000000022,
        0.24225535399015635
    ],
    "Damp_Mass_Ratio": [
        0.1,
        0.1049999999999989,
        0.10766969810724622
    ],
    "avg_loss": [
        13.7272419049412,
        14.409914440709352
    ],
    "avg_loss_per_point": [
        0.9151494603294134,
        0.9606609627139568
    ],
    "total_loss": [
        137272.419049412,
        144099.14440709352
    ],
    "relative_avg_loss_change": [
        0.0,
        0.04973122354042729
    ]
}