{
    "Best_Parameters": {
        "avg_loss_per_point": 0.9151494603294134,
        "Factor_Sum_Scale": 0.25,
        "Damp_Mass_Ratio": 0.1
    },
    "Factor_Sum_Scale": [
        0.25,
        0.24500000000000022,
        0.24225535399015635,
        0.23879174628002472,
        0.23499630155480505,
        0.23207528968995184,
        0.22890344838782828,
        0.22543548511869121
    ],
    "Damp_Mass_Ratio": [
        0.1,
        0.1049999999999989,
        0.10766969810724622,
        0.11123864077763868,
        0.11508088767074821,
        0.11735630209033891,
        0.11925913974846811,
        0.11943486683932195
    ],
    "avg_loss": [
        13.7272419049412,
        14.409914440709352,
        14.4350431794554,
        15.022516643792391,
        15.210466892915964,
        15.478601707813144,
        15.7628817299515
    ],
    "avg_loss_per_point": [
        0.9151494603294134,
        0.9606609627139568,
        0.9623362119636933,
        1.0015011095861595,
        1.0140311261943975,
        1.0319067805208764,
        1.0508587819967667
    ],
    "total_loss": [
        137272.419049412,
        144099.14440709352,
        144350.431794554,
        150225.1664379239,
        152104.66892915964,
        154786.01707813144,
        157628.817299515
    ],
    "relative_avg_loss_change": [
        0.0,
        0.04973122354042729,
        0.0017438506557025002,
        0.040697728232161424,
        0.012511235872135788,
        0.01762830929417823,
        0.01836600149707707
    ]
}