{
    "Factor_Sum_Scale": [
        0.25,
        0.24500000000000022,
        0.2422556181597928,
        0.2397612882811006,
        0.23923121536151637,
        0.23938306191440356,
        0.23937519342840505,
        0.23915374883597867,
        0.24007311415604163,
        0.24115300208932663
    ],
    "Damp_Mass_Ratio": [
        0.1,
        0.1049999999999989,
        0.10766970375061206,
        0.10889099505777024,
        0.10744378066476859,
        0.10602367091919894,
        0.10432689202906864,
        0.10276441397901825,
        0.10130652579504613,
        0.1010222877838349
    ],
    "avg_loss": [
        13.7272419049412,
        14.409914440709352,
        14.692013219088317,
        14.790929555764794,
        14.74445336445868,
        14.55095631737411,
        14.825720140406489,
        14.402082198569179,
        14.217634526985885
    ],
    "avg_loss_per_point": [
        0.9151494603294134,
        0.9606609627139568,
        0.9794675479392211,
        0.9860619703843196,
        0.9829635576305786,
        0.9700637544916073,
        0.9883813426937659,
        0.9601388132379453,
        0.9478423017990589
    ],
    "total_loss": [
        137272.419049412,
        144099.14440709352,
        146920.13219088316,
        147909.29555764794,
        147444.5336445868,
        145509.5631737411,
        148257.2014040649,
        144020.8219856918,
        142176.34526985884
    ],
    "relative_avg_loss_change": [
        0.0,
        0.04973122354042729,
        0.01957671431983031,
        0.006732660473512416,
        0.003142208955217426,
        0.013123378826033118,
        0.01888287044778667,
        0.028574527093811343,
        0.012807014224763895
    ]
}