{
    "Best_Parameters": {
        "avg_loss_per_point": 7.866097510683337,
        "Factor_Sum_Scale": 0.9512180390338777,
        "Damp_Mass_Ratio": 0.31576650700197373
    },
    "Factor_Sum_Scale": [
        1.0,
        1.0999999999991181,
        1.151589671784007,
        1.2021317791201869,
        1.2283355662055089,
        1.2431992037052095,
        1.2461780153242976,
        1.2370794562286667,
        1.221443648369068,
        1.1905509515312667,
        1.1542575823797734,
        1.1102344634117098,
        1.0800937328198916,
        1.052972156000175,
        1.0360914261744816,
        0.986184869709054,
        0.9512180390338777,
        0.8939646148628574
    ],
    "Damp_Mass_Ratio": [
        1.0,
        1.0999999999957306,
        1.134104283571767,
        1.1727710514472038,
        1.1275169504313554,
        1.0671621794444328,
        1.009246677769549,
        0.9506670132442078,
        0.8869709302692075,
        0.8203362303141521,
        0.754237774080232,
        0.6870156287265388,
        0.6147872444350228,
        0.5349534872667,
        0.4551579573844909,
        0.3889238277470891,
        0.31576650700197373,
        0.23930137151565684
    ],
    "avg_loss": [
        163.93544799867271,
        173.2503818696469,
        176.38268612289727,
        180.2016386006534,
        180.51136905538738,
        179.770780112797,
        178.22042706393898,
        176.61670982398988,
        174.0647240546763,
        170.76565318864286,
        166.07241653476655,
        160.04602302503883,
        153.63341016443968,
        147.35683986661732,
        140.1801365445286,
        129.56026449787618,
        117.99146266025006
    ],
    "avg_loss_per_point": [
        10.929029866578182,
        11.55002545797646,
        11.758845741526484,
        12.013442573376894,
        12.03409127035916,
        11.984718674186468,
        11.8813618042626,
        11.774447321599325,
        11.60431493697842,
        11.384376879242858,
        11.071494435651102,
        10.669734868335922,
        10.242227344295978,
        9.823789324441154,
        9.345342436301907,
        8.637350966525078,
        7.866097510683337
    ],
    "total_loss": [
        1639354.4799867272,
        1732503.818696469,
        1763826.8612289727,
        1802016.386006534,
        1805113.6905538738,
        1797707.8011279702,
        1782204.2706393898,
        1766167.0982398987,
        1740647.240546763,
        1707656.5318864286,
        1660724.1653476655,
        1600460.2302503884,
        1536334.1016443968,
        1473568.3986661732,
        1401801.365445286,
        1295602.6449787617,
        1179914.6266025007
    ],
    "relative_avg_loss_change": [
        0.0,
        0.056820742461078974,
        0.018079638379135607,
        0.021651515586372405,
        0.0017187993246851809,
        0.004102727415263936,
        0.008624054742852317,
        0.008998504079298105,
        0.014449288359276967,
        0.018953127257405465,
        0.027483493116099565,
        0.03628774504203178,
        0.04006730526253636,
        0.040854201511925745,
        0.048702885652168126,
        0.07575875090747254,
        0.08929282355560299
    ]
}