{
    "Best_Parameters": {
        "avg_loss_per_point": 10.929029866578182,
        "Factor_Sum_Scale": 1.0,
        "Damp_Mass_Ratio": 1.0
    },
    "Factor_Sum_Scale": [
        1.0,
        1.0999999999991181,
        1.151589671784007,
        1.2021317791201869,
        1.2283355662055089,
        1.2431992037052095,
        1.2461780153242976,
        1.2370794562286667
    ],
    "Damp_Mass_Ratio": [
        1.0,
        1.0999999999957306,
        1.134104283571767,
        1.1727710514472038,
        1.1275169504313554,
        1.0671621794444328,
        1.009246677769549,
        0.9506670132442078
    ],
    "avg_loss": [
        163.93544799867271,
        173.2503818696469,
        176.38268612289727,
        180.2016386006534,
        180.51136905538738,
        179.770780112797,
        178.22042706393898
    ],
    "avg_loss_per_point": [
        10.929029866578182,
        11.55002545797646,
        11.758845741526484,
        12.013442573376894,
        12.03409127035916,
        11.984718674186468,
        11.8813618042626
    ],
    "total_loss": [
        1639354.4799867272,
        1732503.818696469,
        1763826.8612289727,
        1802016.386006534,
        1805113.6905538738,
        1797707.8011279702,
        1782204.2706393898
    ],
    "relative_avg_loss_change": [
        0.0,
        0.056820742461078974,
        0.018079638379135607,
        0.021651515586372405,
        0.0017187993246851809,
        0.004102727415263936,
        0.008624054742852317
    ]
}