{
    "Best_Parameters": {
        "avg_loss_per_point": 10.929029866578182,
        "Factor_Sum_Scale": 1.0,
        "Damp_Mass_Ratio": 1.0
    },
    "Factor_Sum_Scale": [
        1.0,
        1.0999999999991181,
        1.151589671784007
    ],
    "Damp_Mass_Ratio": [
        1.0,
        1.0999999999957306,
        1.134104283571767
    ],
    "avg_loss": [
        163.93544799867271,
        173.2503818696469
    ],
    "avg_loss_per_point": [
        10.929029866578182,
        11.55002545797646
    ],
    "total_loss": [
        1639354.4799867272,
        1732503.818696469
    ],
    "relative_avg_loss_change": [
        0.0,
        0.056820742461078974
    ]
}