{
    "Factor_Sum_Scale": [
        0.25,
        0.26999999999998836,
        0.28908801538826917
    ],
    "Damp_Mass_Ratio": [
        0.1,
        0.1,
        0.1
    ],
    "avg_loss": [
        17.135671111130716,
        14.763318503084779
    ],
    "avg_loss_per_point": [
        1.142378074075381,
        0.9842212335389853
    ],
    "total_loss": [
        171356.71111130714,
        147633.1850308478
    ],
    "relative_avg_loss_change": [
        0.0,
        0.13844526967519477
    ]
}