{
    "Best_Parameters": {
        "avg_loss_per_point": 5.646785038178861,
        "Factor_Sum_Scale": 0.488880853525718,
        "Damp_Mass_Ratio": 1.0
    },
    "Factor_Sum_Scale": [
        1.0,
        0.9000000000040048,
        0.8042248863598961,
        0.7391173863157016,
        0.684478019986873,
        0.6351639441576976,
        0.578721307850511,
        0.532976911911492,
        0.488880853525718,
        0.4923320503346757,
        0.4900124972131358,
        0.47770738292725895
    ],
    "Damp_Mass_Ratio": [
        1.0,
        1.0,
        1.0,
        1.0,
        1.0,
        1.0,
        1.0,
        1.0,
        1.0,
        1.0,
        1.0,
        1.0
    ],
    "avg_loss": [
        133.12846473285705,
        126.40277241827846,
        118.54486430624276,
        112.22557202650458,
        106.38809755051435,
        101.34732419261336,
        95.9723769652322,
        90.7251468241185,
        84.70177557268292,
        85.05349498483986,
        84.82617889307141
    ],
    "avg_loss_per_point": [
        8.87523098219047,
        8.426851494551897,
        7.9029909537495175,
        7.481704801766972,
        7.092539836700956,
        6.756488279507557,
        6.398158464348813,
        6.0483431216079,
        5.646785038178861,
        5.670232998989324,
        5.655078592871428
    ],
    "total_loss": [
        1331284.6473285705,
        1264027.7241827846,
        1185448.6430624276,
        1122255.7202650458,
        1063880.9755051434,
        1013473.2419261336,
        959723.7696523219,
        907251.468241185,
        847017.7557268292,
        850534.9498483986,
        848261.7889307141
    ],
    "relative_avg_loss_change": [
        0.0,
        0.05052031755999546,
        0.06216563103563233,
        0.053307178819769374,
        0.05201554664040014,
        0.04738098973437859,
        0.053034919966568846,
        0.054674379306189444,
        0.06639141916311912,
        0.00415244438240999,
        0.002672624938092914
    ]
}