{
    "Factor_Sum_Scale": [
        1.0,
        1.004999999999956,
        1.0094434167786677,
        1.009243431349977,
        1.0063491555192732,
        1.0029420423727282,
        0.9990130803112038,
        0.9957725472732633,
        0.9943009410402394,
        0.9921113453055888
    ],
    "Damp_Mass_Ratio": [
        1.0,
        1.0049999999997865,
        1.0023283350550654,
        0.9985836201231287,
        0.9988198672258087,
        0.996132973162035,
        0.9937055981353207,
        0.9916980868694522,
        0.9906649836933719,
        0.9900695265488654
    ],
    "avg_loss": [
        163.93544799867271,
        164.62101078792512,
        165.00545086193978,
        164.8149762385577,
        164.67745051881968,
        164.14141097432375,
        163.97249141611755,
        164.10365746849476,
        163.82615019023717
    ],
    "avg_loss_per_point": [
        10.929029866578182,
        10.97473405252834,
        11.000363390795986,
        10.987665082570514,
        10.978496701254645,
        10.942760731621583,
        10.93149942774117,
        10.940243831232983,
        10.92174334601581
    ],
    "total_loss": [
        1639354.4799867272,
        1646210.1078792512,
        1650054.5086193979,
        1648149.762385577,
        1646774.505188197,
        1641414.1097432375,
        1639724.9141611755,
        1641036.5746849477,
        1638261.5019023716
    ],
    "relative_avg_loss_change": [
        0.0,
        0.004181906949483871,
        0.0023353038119169477,
        0.001154353522184206,
        0.0008344248980078346,
        0.0032550877051298254,
        0.001029109943697402,
        0.0007999271782993571,
        0.0016910487099342346
    ]
}